pics/real/real-15.jpg;0
pics/real/real-29.jpg;0
pics/real/real-28.jpg;0
pics/real/real-14.jpg;0
pics/real/real-16.jpg;0
pics/real/real-17.jpg;0
pics/real/real-13.jpg;0
pics/real/real-12.jpg;0
pics/real/real-9.jpg;0
pics/real/real-38.jpg;0
pics/real/real-10.jpg;0
pics/real/real-11.jpg;0
pics/real/real-39.jpg;0
pics/real/real-8.jpg;0
pics/real/real-76.jpg;0
pics/real/real-62.jpg;0
pics/real/real-89.jpg;0
pics/real/real-88.jpg;0
pics/real/real-63.jpg;0
pics/real/real-61.jpg;0
pics/real/real-75.jpg;0
pics/real/real-49.jpg;0
pics/real/real-48.jpg;0
pics/real/real-74.jpg;0
pics/real/real-60.jpg;0
pics/real/real-64.jpg;0
pics/real/real-70.jpg;0
pics/real/real-71.jpg;0
pics/real/real-65.jpg;0
pics/real/real-59.jpg;0
pics/real/real-73.jpg;0
pics/real/real-67.jpg;0
pics/real/real-66.jpg;0
pics/real/real-57.jpg;0
pics/real/real-43.jpg;0
pics/real/real-94.jpg;0
pics/real/real-80.jpg;0
pics/real/real-81.jpg;0
pics/real/real-95.jpg;0
pics/real/real-42.jpg;0
pics/real/real-56.jpg;0
pics/real/real-40.jpg;0
pics/real/real-54.jpg;0
pics/real/real-68.jpg;0
pics/real/real-83.jpg;0
pics/real/real-82.jpg;0
pics/real/real-69.jpg;0
pics/real/real-55.jpg;0
pics/real/real-41.jpg;0
pics/real/real-79.jpg;0
pics/real/real-45.jpg;0
pics/real/real-51.jpg;0
pics/real/real-86.jpg;0
pics/real/real-92.jpg;0
pics/real/real-93.jpg;0
pics/real/real-87.jpg;0
pics/real/real-50.jpg;0
pics/real/real-44.jpg;0
pics/real/real-78.jpg;0
pics/real/real-52.jpg;0
pics/real/real-46.jpg;0
pics/real/real-91.jpg;0
pics/real/real-85.jpg;0
pics/real/real-84.jpg;0
pics/real/real-90.jpg;0
pics/real/real-47.jpg;0
pics/real/real-53.jpg;0
pics/real/real-5.jpg;0
pics/real/real-34.jpg;0
pics/real/real-20.jpg;0
pics/real/real-21.jpg;0
pics/real/real-35.jpg;0
pics/real/real-4.jpg;0
pics/real/real-6.jpg;0
pics/real/real-23.jpg;0
pics/real/real-37.jpg;0
pics/real/real-36.jpg;0
pics/real/real-22.jpg;0
pics/real/real-7.jpg;0
pics/real/real-3.jpg;0
pics/real/real-26.jpg;0
pics/real/real-32.jpg;0
pics/real/real-33.jpg;0
pics/real/real-27.jpg;0
pics/real/real-2.jpg;0
pics/real/real-0.jpg;0
pics/real/real-19.jpg;0
pics/real/real-31.jpg;0
pics/real/real-25.jpg;0
pics/real/real-24.jpg;0
pics/real/real-30.jpg;0
pics/real/real-18.jpg;0
pics/real/real-1.jpg;0
pics/fake/fake-12.jpg;1
pics/fake/fake-13.jpg;1
pics/fake/fake-8.jpg;1
pics/fake/fake-39.jpg;1
pics/fake/fake-11.jpg;1
pics/fake/fake-10.jpg;1
pics/fake/fake-38.jpg;1
pics/fake/fake-9.jpg;1
pics/fake/fake-14.jpg;1
pics/fake/fake-28.jpg;1
pics/fake/fake-29.jpg;1
pics/fake/fake-15.jpg;1
pics/fake/fake-17.jpg;1
pics/fake/fake-16.jpg;1
pics/fake/fake-48.jpg;1
pics/fake/fake-49.jpg;1
pics/fake/fake-50.jpg;1
pics/fake/fake-44.jpg;1
pics/fake/fake-45.jpg;1
pics/fake/fake-51.jpg;1
pics/fake/fake-47.jpg;1
pics/fake/fake-53.jpg;1
pics/fake/fake-52.jpg;1
pics/fake/fake-46.jpg;1
pics/fake/fake-42.jpg;1
pics/fake/fake-43.jpg;1
pics/fake/fake-41.jpg;1
pics/fake/fake-40.jpg;1
pics/fake/fake-54.jpg;1
pics/fake/fake-2.jpg;1
pics/fake/fake-33.jpg;1
pics/fake/fake-27.jpg;1
pics/fake/fake-26.jpg;1
pics/fake/fake-32.jpg;1
pics/fake/fake-3.jpg;1
pics/fake/fake-1.jpg;1
pics/fake/fake-18.jpg;1
pics/fake/fake-24.jpg;1
pics/fake/fake-30.jpg;1
pics/fake/fake-31.jpg;1
pics/fake/fake-25.jpg;1
pics/fake/fake-19.jpg;1
pics/fake/fake-4.jpg;1
pics/fake/fake-21.jpg;1
pics/fake/fake-35.jpg;1
pics/fake/fake-34.jpg;1
pics/fake/fake-20.jpg;1
pics/fake/fake-5.jpg;1
pics/fake/fake-7.jpg;1
pics/fake/fake-6.jpg;1
